[
    {
        "id": "POST_1727716607_742c13df07",
        "user_name": "Tonmoy Vodro",
        "user_photo": "1727716607_9886132_5247869310.jpg",
        "post_content": "To the Top \ud83c\udff9",
        "post_photos": [
            "1727716607_1274296_6549371280.jpg"
        ],
        "post_video": null,
        "comments": [],
        "likes": 0,
        "share": 0,
        "createdAt": 1729310541,
        "updateAt": null
    },
    {
        "id": "POST_1727716698_d763385d10",
        "user_name": "Denis Levasseur",
        "user_photo": "1727716698_2969707_5426380179.jpg",
        "post_content": null,
        "post_photos": [
            "1727716698_2199855_0683459271.jpg"
        ],
        "post_video": null,
        "comments": [],
        "likes": 0,
        "share": 0,
        "createdAt": 1729310541,
        "updateAt": null
    },
    {
        "id": "POST_1727717755_d85305f816",
        "user_name": "Shoaib Mahmud ",
        "user_photo": "1727717755_7149315_6427089351.jpg",
        "post_content": "\u09a1\u09be\u09ac\u09b2 \u0986\u09b6\u09b0\u09be\u09ab\u09c1\u09b2! \r\n\u098f\u0995\u099c\u09a8 \u0986\u09ae\u09be\u09b0 \u09ac\u09dc \u09ad\u09be\u0987, \u0986\u09b0\u09c7\u0995\u099c\u09a8 \u0986\u09ae\u09be\u09b0 \u09ac\u0989\u09df\u09c7\u09b0 \u09ac\u09dc \u09ad\u09be\u0987\u0964 \r\n\u0985\u09a8\u09c7\u0995 \u09a7\u09a8\u09cd\u09af\u09ac\u09be\u09a6 \u0986\u09b8\u09be\u09b0 \u099c\u09a8\u09cd\u09af\u0964",
        "post_photos": [
            "1727717755_2815330_9358417206.jpg"
        ],
        "post_video": null,
        "comments": [],
        "likes": 0,
        "share": 0,
        "createdAt": 1729310541,
        "updateAt": null
    },
    {
        "id": "POST_1728403890_fe3f7ce6af",
        "user_name": "Md Hasan Ul Haq",
        "user_photo": "1728403890_6742727_9370826514.jpg",
        "post_content": "\u0986\u09b2\u09cd\u09b2\u09be\u09b9\u09cd \u09aa\u09be\u0995 \u0989\u09a4\u09cd\u09a4\u09ae \u09b0\u09bf\u099c\u09bf\u0995 \u09a6\u09be\u09a4\u09be\r\n\u0986\u09b2\u09b9\u09be\u09ae\u09a6\u09c1\u09b2\u09bf\u09b2\u09cd\u09b2\u09be\u09b9",
        "post_photos": [
            "1728403890_9590117_9486253710.jpg"
        ],
        "post_video": null,
        "comments": [],
        "likes": 0,
        "share": 0,
        "createdAt": 1729310541,
        "updateAt": null
    },
    {
        "id": "POST_1728404083_2a930af3d5",
        "user_name": "Ashraful Haque",
        "user_photo": "1728404083_7079534_3894261705.jpg",
        "post_content": "Hello PHP",
        "post_photos": [
            "1728404083_1148476_6497810352.jpg",
            "1728404083_3246648_2014938756.jpg",
            "1728404083_6125908_4783092156.jpg",
            "1728404083_6845810_6193278405.jpg"
        ],
        "post_video": null,
        "comments": [],
        "likes": 0,
        "share": 0,
        "createdAt": 1729310541,
        "updateAt": null
    },
    {
        "id": "POST_1728404885_977fc16b73",
        "user_name": "Pallab Islam",
        "user_photo": "1728404885_8866783_4261895307.jpg",
        "post_content": "Hello Laravel",
        "post_photos": [
            "1728404885_1303608_8940572316.jpg",
            "1728404885_7226737_9456038172.jpg",
            "1728404885_8606218_8416235709.jpg"
        ],
        "post_video": null,
        "comments": [
            {
                "id": "COM_1729355881_29f74a6d61",
                "user": "Motin",
                "user_photo": "1729355881_4923873_8571326490.jpg",
                "comment_photo": "1729355881_7128421_7193265840.jpg",
                "comment_content": "Ami motin",
                "createdAt": 1729310541,
                "likes": 0,
                "reply": []
            },
            {
                "id": "COM_1729355974_1f398e8b24",
                "user": "Yasin Vai",
                "user_photo": "1729355974_6285711_8024716395.jpg",
                "comment_photo": "1729355974_1395030_8509361427.png",
                "comment_content": "My name is yasin",
                "createdAt": 1729310541,
                "likes": 0,
                "reply": []
            },
            {
                "id": "COM_1729356053_0cc515edf5",
                "user": "Ashraful Haque",
                "user_photo": "1729356053_5787656_1790342658.jpg",
                "comment_photo": "1729356053_8280510_8639714520.jpeg",
                "comment_content": "Yesss , , , We love PHP",
                "createdAt": 1729310541,
                "likes": 0,
                "reply": []
            },
            {
                "id": "COM_1729356170_5c506abb5f",
                "user": "mamun Khan",
                "user_photo": "1729356170_4264484_8962751430.jpg",
                "comment_photo": "1729356170_6719182_6149057832.png",
                "comment_content": "Yesss ",
                "createdAt": 1729310541,
                "likes": 0,
                "reply": []
            },
            {
                "id": "COM_1729356240_1b8d7236f9",
                "user": "Omar Faruk",
                "user_photo": "1729356240_6967233_8425617930.png",
                "comment_photo": "1729356240_2903516_4512986703.png",
                "comment_content": "Hello LiveWire",
                "createdAt": 1729310541,
                "likes": 0,
                "reply": []
            }
        ],
        "likes": 0,
        "share": 0,
        "createdAt": 1728404885,
        "updateAt": null
    },
    {
        "id": "POST_1728405155_17d0a25f0f",
        "user_name": "md kawser ali",
        "user_photo": "1728405155_2118346_7281035469.jpg",
        "post_content": null,
        "post_photos": [
            "1728405155_3977232_0145923687.jpg",
            "1728405155_1402781_2387651904.jpg"
        ],
        "post_video": null,
        "comments": [],
        "likes": 0,
        "share": 0,
        "createdAt": 1728405155,
        "updateAt": null
    },
    {
        "id": "POST_1728406289_aab882663a",
        "user_name": "Ashraful Haque",
        "user_photo": "1728406289_9386117_4186072593.png",
        "post_content": "Kungfu Panda",
        "post_photos": [],
        "post_video": "1728406289_1265754_5064392871.mp4",
        "comments": [],
        "likes": 4,
        "share": 0,
        "createdAt": 1728406289,
        "updateAt": null
    },
    {
        "id": "POST_1728406573_ea08aaa81f",
        "user_name": "Rubel rana",
        "user_photo": "1728406573_7188304_1690823457.jpg",
        "post_content": null,
        "post_photos": [],
        "post_video": "1728406573_9978498_5620873941.mp4",
        "comments": [
            {
                "id": "COM_1729356280_846a8bc3e5",
                "user": "pappu Vai",
                "user_photo": "1729356280_7965338_4908523761.jpg",
                "comment_photo": "1729356280_5538262_6971230458.jpg",
                "comment_content": "I love MySQL",
                "createdAt": 1729310541,
                "likes": 0,
                "reply": []
            },
            {
                "id": "COM_1729358168_e17a222f9d",
                "user": "Ashraful Haque",
                "user_photo": "1729358168_5095247_5106932478.jpg",
                "comment_photo": null,
                "comment_content": "Hello Sobai kemon asen , , , , Valo to ",
                "createdAt": 1729310541,
                "likes": 1,
                "reply": [
                    {
                        "id": "reply_1729694714_df6e71e786",
                        "user": "user",
                        "user_photo": "1729694714_4023847_3148952760.jpg",
                        "comment_content": "Ami bhalo asi, Apni bhalo asen?",
                        "createdAt": 1729694714,
                        "likes": 0,
                        "reply": []
                    }
                ]
            },
            {
                "id": "COM_1729358204_bb12418aa6",
                "user": "Ashraful Haque",
                "user_photo": "1729358204_3340923_2398645710.jpg",
                "comment_photo": null,
                "comment_content": "Hello Sobai kemon asen , , , , Valo to ",
                "createdAt": 1729310541,
                "likes": 1,
                "reply": []
            }
        ],
        "likes": 6,
        "share": 0,
        "createdAt": 1728406573,
        "updateAt": null
    },
    {
        "id": "POST_1729356328_c4625952ec",
        "user_name": "Ashraful Haque",
        "user_photo": "1729356328_8344221_9543821706.jpg",
        "post_content": "Valo Lagcha",
        "post_photos": [
            "1729356328_267369_4256908137.jpg"
        ],
        "post_video": null,
        "comments": [
            {
                "id": "COM_1729357725_36bdc47f38",
                "user": "Aksh Khan",
                "user_photo": "1729357725_526794_4236570981.webp",
                "comment_photo": "1729357725_2918079_7394825106.jpg",
                "comment_content": "Ami akash, tomi batas",
                "createdAt": 1729310541,
                "likes": 2,
                "reply": []
            },
            {
                "id": "COM_1729358050_c79102e55e",
                "user": "Raid Islam",
                "user_photo": "1729358050_4762655_6841305729.png",
                "comment_photo": null,
                "comment_content": "Ubuntu Is Good",
                "createdAt": 1729310541,
                "likes": 2,
                "reply": [
                    {
                        "id": "reply_1729622031_b6a28f2d24",
                        "user": "admin",
                        "user_photo": "1729622031_8275115_9321045786.png",
                        "comment_content": "hello",
                        "createdAt": 1729622031,
                        "likes": 4,
                        "reply": [
                            {
                                "id": "reply_1729622031_b6a28f2d24",
                                "user": "admin",
                                "user_photo": "1729622031_8275115_9321045786.png",
                                "comment_content": "hello to all",
                                "createdAt": 1729622031,
                                "likes": 0,
                                "reply": []
                            }
                        ]
                    }
                ]
            },
            {
                "id": "COM_1729358077_f3d11911e0",
                "user": "mamun Khan",
                "user_photo": "1729358077_4420982_4807692315.jpg",
                "comment_photo": "1729358077_1315044_5421098763.png",
                "comment_content": "",
                "createdAt": 1729310541,
                "likes": 1,
                "reply": []
            },
            {
                "id": "COM_1729573341_258f8fb7ca",
                "user": "Doe",
                "user_photo": "1729573341_1385935_9714382065.png",
                "comment_photo": null,
                "comment_content": "Hello al",
                "createdAt": 1729573341,
                "likes": 0,
                "reply": []
            },
            {
                "id": "COM_1729575304_a36be5c6a4",
                "user": "John doe",
                "user_photo": "1729575304_2206464_1807356942.png",
                "comment_photo": null,
                "comment_content": "This is the 2nd comment",
                "createdAt": 1729575304,
                "likes": 0,
                "reply": []
            }
        ],
        "likes": 7,
        "share": 0,
        "createdAt": 1729356328,
        "updateAt": null
    }
]